title,authors,link,subject,doi,submission_v1,submission_most_recent,pdf_link,primary_subject
"          Prompt emission of relativistic protons up to GeV energies from M6.4-class solar flare on July 17, 2023","['Carlos Navia', 'Marcel Oliveira', 'Andre Nepomuceno']",https://arxiv.org/abs/2401.00002,Solar and Stellar Astrophysics (astro-ph.SR); High Energy Astrophysical Phenomena (astro-ph.HE),https://doi.org/10.1007/s13538-024-01629-1,2023-11-28 14:55:21+00:00,,https://arxiv.org/pdf/2401.00002,Solar and Stellar Astrophysics (astro-ph.SR)
"          The link among X-ray spectral properties, AGN structure and the host galaxy","['G. Mountrichas', 'A. Viitanen', 'F. J. Carrera', 'H. Stiele', 'A. Ruiz', 'I. Georgantopoulos', 'S. Mateos', 'A. Corral']",https://arxiv.org/abs/2401.00045,Astrophysics of Galaxies (astro-ph.GA),,2023-12-29 19:00:03+00:00,,https://arxiv.org/pdf/2401.00045,Astrophysics of Galaxies (astro-ph.GA)
"          Are Lithium-Rich Giants Binaries? A Radial Velocity Variability Analysis of 1,400 Giants","['Matias Castro-Tapia', 'Claudia Aguilera-Gómez', 'Julio Chanamé']",https://arxiv.org/abs/2401.00049,Solar and Stellar Astrophysics (astro-ph.SR); Astrophysics of Galaxies (astro-ph.GA),https://doi.org/10.1051/0004-6361/202349106,2023-12-29 19:00:43+00:00,2024-10-28 19:19:24+00:00,https://arxiv.org/pdf/2401.00049,Solar and Stellar Astrophysics (astro-ph.SR)
          Assessing your Observatory's Impact: Best Practices in Establishing and Maintaining Observatory Bibliographies,"['Observatory Bibliographers Collaboration', ""Raffaele D'Abrusco"", 'Monique Gomez', 'Uta Grothkopf', 'Sharon Hunt', 'Ruth Kneale', 'Mika Konuma', 'Jenny Novacescu', 'Luisa Rebull', 'Elena Scire', 'Erin Scott', 'Richard Shaw', 'Donna Thompson', 'Lance Utley', 'Christopher Wilkinson', 'Sherry Winkelman']",https://arxiv.org/abs/2401.00060,Instrumentation and Methods for Astrophysics (astro-ph.IM); Digital Libraries (cs.DL); Physics and Society (physics.soc-ph),https://doi.org/10.33232/001c.124452,2023-12-29 19:31:20+00:00,2024-10-04 18:37:19+00:00,https://arxiv.org/pdf/2401.00060,Instrumentation and Methods for Astrophysics (astro-ph.IM)
          Extreme Astrophysics with GRAVITY : energetic outbursts on the edge of the event horizon of the Galaxy's central black hole,['Aimar Nicolas'],https://arxiv.org/abs/2401.00064,High Energy Astrophysical Phenomena (astro-ph.HE),,2023-12-29 19:44:57+00:00,,https://arxiv.org/pdf/2401.00064,High Energy Astrophysical Phenomena (astro-ph.HE)
          On Prism Cross-Dispersers -- Modelling Échelle Spectrograms,"['Jakob Wierzbowski', 'Bernd Bitnar', 'Siegfried Hold']",https://arxiv.org/abs/2401.00105,Instrumentation and Methods for Astrophysics (astro-ph.IM); Instrumentation and Detectors (physics.ins-det); Optics (physics.optics),,2023-12-30 00:33:53+00:00,2024-01-28 18:47:42+00:00,https://arxiv.org/pdf/2401.00105,Instrumentation and Methods for Astrophysics (astro-ph.IM)
          Near-UV and optical spectroscopic investigation of late-type stars from MIRA/Oliver Observing Station,"['Subhajeet Karmakar', 'Avrajit Bandyopadhyay', 'Wm. Bruce Weaver', 'Riddhi Shedge', 'Jeewan C. Pandey', 'Daniel V. Cotton', 'Jean Perkins']",https://arxiv.org/abs/2401.00113,Solar and Stellar Astrophysics (astro-ph.SR),,2023-12-30 01:40:32+00:00,,https://arxiv.org/pdf/2401.00113,Solar and Stellar Astrophysics (astro-ph.SR)
          AstroSat investigation of X-ray flares on two active K-M systems: CC Eri and AB Dor,"['Subhajeet Karmakar', 'Jeewan C. Pandey', 'Nikita Rawat', 'Gurpreet Singh', 'Riddhi Shedge']",https://arxiv.org/abs/2401.00117,Solar and Stellar Astrophysics (astro-ph.SR); High Energy Astrophysical Phenomena (astro-ph.HE),,2023-12-30 02:10:19+00:00,,https://arxiv.org/pdf/2401.00117,Solar and Stellar Astrophysics (astro-ph.SR)
"          Onset mechanism of an inverted U-shaped solar filament eruption revealed by NVST, SDO, and STEREO-A observations","['Jincheng Wang', 'Xiaoli Yan', 'Qiangwei Cai', 'Zhike Xue', 'Liheng Yang', 'Qiaoling Li', 'Zhe Xu', 'Yunfang Cai', 'Liping Yang', 'Yang Peng', 'Xia Sun', 'Xinsheng Zhang', 'Yian Zhou']",https://arxiv.org/abs/2401.00185,Solar and Stellar Astrophysics (astro-ph.SR),,2023-12-30 09:35:43+00:00,,https://arxiv.org/pdf/2401.00185,Solar and Stellar Astrophysics (astro-ph.SR)
          Caustics and velocity caustics in the diffuse interstellar medium at high Galactic latitudes,['P.M.W. Kalberla'],https://arxiv.org/abs/2401.00190,Astrophysics of Galaxies (astro-ph.GA),,2023-12-30 10:06:44+00:00,,https://arxiv.org/pdf/2401.00190,Astrophysics of Galaxies (astro-ph.GA)
          Electromagnetic Radiation from Binary Stars Mediated by Ultralight Scalar,"['Ya-Ze Cheng', 'Wen-Hao Wu', 'Yan Cao']",https://arxiv.org/abs/2401.00204,Cosmology and Nongalactic Astrophysics (astro-ph.CO); High Energy Physics - Phenomenology (hep-ph),https://doi.org/10.1142/S0218271825500221,2023-12-30 11:07:57+00:00,2025-05-15 11:07:14+00:00,https://arxiv.org/pdf/2401.00204,Cosmology and Nongalactic Astrophysics (astro-ph.CO)
          Evidence of Grain Alignment by Magnetically Enhanced Radiative Torques from Multiwavelength Dust Polarization Modeling of HL Tau,"['Nguyen Tat Thang', 'Pham Ngoc Diep', 'Thiem Hoang', 'Le Ngoc Tram', 'Nguyen Bich Ngoc', 'Nguyen Thi Phuong', 'Bao Truong']",https://arxiv.org/abs/2401.00220,Solar and Stellar Astrophysics (astro-ph.SR); Earth and Planetary Astrophysics (astro-ph.EP),https://doi.org/10.3847/1538-4357/ad4f74,2023-12-30 13:09:11+00:00,2024-07-29 02:08:51+00:00,https://arxiv.org/pdf/2401.00220,Solar and Stellar Astrophysics (astro-ph.SR)
          Survivability of Amorphous Ice in Comets Depends on the Latent Heat of Crystallization of Impure Water Ice,"['Sota Arakawa', 'Shigeru Wakita']",https://arxiv.org/abs/2401.00231,Earth and Planetary Astrophysics (astro-ph.EP),https://doi.org/10.1093/pasj/psad086,2023-12-30 13:44:23+00:00,,https://arxiv.org/pdf/2401.00231,Earth and Planetary Astrophysics (astro-ph.EP)
          Thermodiffusion unipolar electric generator,"['G.S. Bisnovatyi-Kogan', 'M.V. Glushikhina']",https://arxiv.org/abs/2401.00233,High Energy Astrophysical Phenomena (astro-ph.HE); Solar and Stellar Astrophysics (astro-ph.SR),https://doi.org/10.54503/0571-7132-2024.67.3-423,2023-12-30 13:50:45+00:00,2024-11-18 17:22:57+00:00,https://arxiv.org/pdf/2401.00233,High Energy Astrophysical Phenomena (astro-ph.HE)
          Laboratory Experiments of Model-based Reinforcement Learning for Adaptive Optics Control,"['Jalo Nousiainen', 'Byron Engler', 'Markus Kasper', 'Chang Rajani', 'Tapio Helin', 'Cédric T. Heritier', 'Sascha P. Quanz', 'Adrian M. Glauser']",https://arxiv.org/abs/2401.00242,Instrumentation and Methods for Astrophysics (astro-ph.IM); Machine Learning (cs.LG); Robotics (cs.RO),,2023-12-30 14:11:43+00:00,,https://arxiv.org/pdf/2401.00242,Instrumentation and Methods for Astrophysics (astro-ph.IM)
          Intrinsic Shear and Galaxy Alignments: A Quantitative Study Using the TATT model,['Abinash Das'],https://arxiv.org/abs/2401.00278,Cosmology and Nongalactic Astrophysics (astro-ph.CO),,2023-12-30 16:52:37+00:00,2024-01-04 22:25:18+00:00,https://arxiv.org/pdf/2401.00242,Cosmology and Nongalactic Astrophysics (astro-ph.CO)
          Synthetic spectra for Lyman-$α$ forest analysis in the Dark Energy Spectroscopic Instrument,"['Hiram K. Herrera-Alcantar', 'Andrea Muñoz-Gutiérrez', 'Ting Tan', 'Alma X. González-Morales', 'Andreu Font-Ribera', 'Julien Guy', 'John Moustakas', 'David Kirkby', 'E. Armengaud', 'A. Bault', 'L. Cabayol-Garcia', 'J. Chaves-Montero', 'A. Cuceu', 'R. de la Cruz', 'L. Á. García', 'C. Gordon', 'V. Iršič', 'N. G. Karaçaylı', 'J. M. Le Goff', 'P. Montero-Camacho', 'G. Niz', 'I. Pérez-Ràfols', 'C. Ramírez-Pérez', 'C. Ravoux', 'M. Walther', 'J. Aguilar', 'S. Ahlen', 'D. Brooks', 'T. Claybaugh', 'K. Dawson', 'A. de la Macorra', 'P. Doel', 'J. E. Forero-Romero', 'E. Gaztañaga', 'S. Gontcho A Gontcho', 'K. Honscheid', 'R. Kehoe', 'T. Kisner', 'M. Landriau', 'Michael E. Levi', 'M. Manera', 'P. Martini', 'A. Meisner', 'R. Miquel', 'J. Nie', 'N. Palanque-Delabrouille', 'C. Poppett', 'M. Rezaie', 'G. Rossi', 'E. Sanchez', 'H. Seo', 'G. Tarlé', 'B. A. Weaver', 'Z. Zhou']",https://arxiv.org/abs/2401.00303,Cosmology and Nongalactic Astrophysics (astro-ph.CO),https://doi.org/10.1088/1475-7516/2025/01/141,2023-12-30 19:05:19+00:00,2025-01-14 09:31:01+00:00,https://arxiv.org/pdf/2401.00303,Cosmology and Nongalactic Astrophysics (astro-ph.CO)
          Gas-phase molecules in protoplanetary nebulae with the 21 μm emission feature,"['Jian-Jie Qiu', 'Yong Zhang', 'Jun-ichi Nakashima', 'Jiang-Shui Zhang', 'Fei Li', 'Deng-Rong Lu', 'Xin-Di Tang', 'Xiao-Ling Yu', 'Lan-Wei Jia']",https://arxiv.org/abs/2401.00387,Astrophysics of Galaxies (astro-ph.GA); Solar and Stellar Astrophysics (astro-ph.SR),,2023-12-31 03:48:55+00:00,,https://arxiv.org/pdf/2401.00387,Astrophysics of Galaxies (astro-ph.GA)
          Multiwavelength observation of an active M-dwarf star EV Lac and its stellar flare accompanied by a delayed prominence eruption,"['Shun Inoue', 'Teruaki Enoto', 'Kosuke Namekata', 'Yuta Notsu', 'Satoshi Honda', 'Hiroyuki Maehara', 'Jiale Zhang', 'Hong-Peng Lu', 'Hiroyuki Uchida', 'Takeshi Go Tsuru', 'Daisaku Nogami', 'Kazunari Shibata']",https://arxiv.org/abs/2401.00399,Solar and Stellar Astrophysics (astro-ph.SR); High Energy Astrophysical Phenomena (astro-ph.HE),,2023-12-31 04:52:50+00:00,,https://arxiv.org/pdf/2401.00399,Solar and Stellar Astrophysics (astro-ph.SR)
          CMB lensing from early-formed dark matter halos,"['Katsuya T. Abe', 'Hiroyuki Tashiro']",https://arxiv.org/abs/2401.00407,Cosmology and Nongalactic Astrophysics (astro-ph.CO),https://doi.org/10.1103/PhysRevD.109.103524,2023-12-31 05:47:18+00:00,2024-05-20 01:11:30+00:00,https://arxiv.org/pdf/2401.00407,Cosmology and Nongalactic Astrophysics (astro-ph.CO)
          Dissipation of AGN jets in a clumpy interstellar medium,"['Riju Dutta', 'Prateek Sharma', 'Kartick C. Sarkar', 'James M. Stone']",https://arxiv.org/abs/2401.00446,Astrophysics of Galaxies (astro-ph.GA); Fluid Dynamics (physics.flu-dyn),,2023-12-31 10:29:38+00:00,,https://arxiv.org/pdf/2401.00446,Astrophysics of Galaxies (astro-ph.GA)
          Two sequences of spiral galaxies with different shapes of the metallicity gradients,"['L.S.Pilyugin', 'G.Tautvaisiene']",https://arxiv.org/abs/2401.00458,Astrophysics of Galaxies (astro-ph.GA),,2023-12-31 11:20:27+00:00,,https://arxiv.org/pdf/2401.00458,Astrophysics of Galaxies (astro-ph.GA)
          The Sonified Hertzsprung-Russell Diagram,"['Daniela Huppenkothen', 'Juan Pampin', 'James R.A. Davenport', 'James Wenlock']",https://arxiv.org/abs/2401.00488,Instrumentation and Methods for Astrophysics (astro-ph.IM); Solar and Stellar Astrophysics (astro-ph.SR),,2023-12-31 13:04:42+00:00,,https://arxiv.org/pdf/2401.00488,Instrumentation and Methods for Astrophysics (astro-ph.IM)
          Production of s-process elements in AGB stars as revealed by Gaia GSP-spec abundances,"['G. Contursi', 'P. de Laverny', 'A. Recio-Blanco', 'P. A. Palicio', 'C. Abia']",https://arxiv.org/abs/2401.00545,Solar and Stellar Astrophysics (astro-ph.SR); Astrophysics of Galaxies (astro-ph.GA),,2023-12-31 17:16:47+00:00,,https://arxiv.org/pdf/2401.00545,Solar and Stellar Astrophysics (astro-ph.SR)
          The primordial black holes solution to the cosmological monopole problem,"['Xin-Zhe Wang', 'Can-Min Deng']",https://arxiv.org/abs/2401.00555,High Energy Astrophysical Phenomena (astro-ph.HE); General Relativity and Quantum Cosmology (gr-qc); High Energy Physics - Theory (hep-th),https://doi.org/10.1140/epjc/s10052-024-12387-4,2023-12-31 18:04:03+00:00,2024-01-12 04:42:41+00:00,https://arxiv.org/pdf/2401.00555,High Energy Astrophysical Phenomena (astro-ph.HE)
          Photometric Objects Around Cosmic Webs (PAC). VI. High Satellite Fraction of Quasars,"['Shanquan Gui', 'Kun Xu', 'Y.P. Jing', 'Donghai Zhao', 'Hongyu Gao']",https://arxiv.org/abs/2401.00565,Astrophysics of Galaxies (astro-ph.GA),https://doi.org/10.3847/1538-4357/ad3b96,2023-12-31 19:00:04+00:00,2024-05-15 06:53:14+00:00,https://arxiv.org/pdf/2401.00565,Astrophysics of Galaxies (astro-ph.GA)
          The structure of the stellar halo of the Andromeda galaxy explored with the NB515 for Subaru/HSC. I.: New Insights on the stellar halo up to 120 kpc,"['Itsuki Ogami', 'Mikito Tanaka', 'Yutaka Komiyama', 'Masashi Chiba', 'Puragra Guhathakurta', 'Evan N. Kirby', 'Rosemary F. G. Wyse', 'Carrie Filion', 'Karoline M. Gilbert', 'Ivanna Escala', 'Masao Mori', 'Takanobu Kirihara', 'Masayuki Tanaka', 'Miho N. Ishigaki', 'Kohei Hayashi', 'Myung Gyoon Lee', 'Sanjib Sharma', 'Jason S. Kalirai', 'Robert H. Lupton']",https://arxiv.org/abs/2401.00668,Astrophysics of Galaxies (astro-ph.GA),,2024-01-01 05:17:34+00:00,2025-01-02 08:20:58+00:00,https://arxiv.org/pdf/2401.00668,Astrophysics of Galaxies (astro-ph.GA)
          3D non-LTE abundance analyses of late-type stars,"['Karin Lind', 'Anish Mayur Amarsi']",https://arxiv.org/abs/2401.00697,Solar and Stellar Astrophysics (astro-ph.SR),,2024-01-01 08:25:33+00:00,,https://arxiv.org/pdf/2401.00697,Solar and Stellar Astrophysics (astro-ph.SR)
          A test of MOND and Emergent Gravity with SMACS J0723.3-7327 using eROSITA observations,"['Ambica Govind', 'Shantanu Desai']",https://arxiv.org/abs/2401.00707,Cosmology and Nongalactic Astrophysics (astro-ph.CO); General Relativity and Quantum Cosmology (gr-qc),https://doi.org/10.1088/1475-7516/2024/10/030,2024-01-01 09:17:12+00:00,2024-09-23 09:49:53+00:00,https://arxiv.org/pdf/2401.00707,Cosmology and Nongalactic Astrophysics (astro-ph.CO)
          Dynamics of the Beta Pictoris planetary system and its falling evaporating bodies,"['H. Beust', 'J. Milli', 'A. Morbidelli', 'S. Lacour', 'A.-M. Lagrange', 'G. Chauvin', 'M. Bonnefoy', 'J. Wang']",https://arxiv.org/abs/2401.00715,Earth and Planetary Astrophysics (astro-ph.EP),,2024-01-01 10:03:17+00:00,,https://arxiv.org/pdf/2401.00715,Earth and Planetary Astrophysics (astro-ph.EP)
"          Discovery of a second eclipsing, bursting neutron-star low-mass X-ray binary in the globular cluster Terzan 6","['Maureen van den Berg', 'Jeroen Homan', 'Craig O. Heinke', 'David A. Pooley', 'Rudy Wijnands', 'Arash Bahramian', 'James C.A. Miller-Jones']",https://arxiv.org/abs/2401.00727,High Energy Astrophysical Phenomena (astro-ph.HE),https://doi.org/10.3847/1538-4357/ad2f3d,2024-01-01 11:24:07+00:00,2024-05-20 17:47:46+00:00,https://arxiv.org/pdf/2401.00727,High Energy Astrophysical Phenomena (astro-ph.HE)
          Constraining the Number Density of the Accretion Disk Wind in Hercules X-1 Using its Ionization Response to X-ray Pulsations,"['P. Kosec', 'D. Rogantini', 'E. Kara', 'C. R. Canizares', 'A. C. Fabian', 'C. Pinto', 'I. Psaradaki', 'R. Staubert', 'D. J. Walton']",https://arxiv.org/abs/2401.00754,High Energy Astrophysical Phenomena (astro-ph.HE),,2024-01-01 13:36:27+00:00,2024-06-24 14:49:07+00:00,https://arxiv.org/pdf/2401.00754,High Energy Astrophysical Phenomena (astro-ph.HE)
          Modelling magnetically formed neutron star mountains,['Amlan Nanda'],https://arxiv.org/abs/2401.00768,High Energy Astrophysical Phenomena (astro-ph.HE); General Relativity and Quantum Cosmology (gr-qc),,2024-01-01 14:20:44+00:00,,https://arxiv.org/pdf/2401.00768,High Energy Astrophysical Phenomena (astro-ph.HE)
          Visual Photometry: Testing Hypotheses Concerning Bias and Precision,['Alan B. Whiting'],https://arxiv.org/abs/2401.00798,Instrumentation and Methods for Astrophysics (astro-ph.IM),,2024-01-01 15:58:28+00:00,,https://arxiv.org/pdf/2401.00798,Instrumentation and Methods for Astrophysics (astro-ph.IM)
          Elusive hot stripped helium stars in the Galaxy I. Evolutionary stellar models in the gap between subdwarfs and Wolf-Rayet stars,"['L. Yungelson', 'A. Kuranov', 'K. Postnov', 'M. Kuranova', 'L. Oskinova', 'W.-R. Hamann']",https://arxiv.org/abs/2401.00802,Solar and Stellar Astrophysics (astro-ph.SR); Astrophysics of Galaxies (astro-ph.GA),,2024-01-01 16:09:34+00:00,,https://arxiv.org/pdf/2401.00802,Solar and Stellar Astrophysics (astro-ph.SR)
          OGHReS: Star formation in the Outer Galaxy ($\ell = 250^\circ$-$280^\circ$),"['J. S. Urquhart', 'C. König', 'D. Colombo', 'A. Karska', 'F. Wyrowski', 'K. M. Menten', 'T. J. T. Moore', 'J. Brand', 'D. Elia', 'A. Giannetti', 'S. Leurini', 'M. Figueira', 'M.-Y. Lee', 'M. Dumke']",https://arxiv.org/abs/2401.00808,Astrophysics of Galaxies (astro-ph.GA),https://doi.org/10.1093/mnras/stad3983,2024-01-01 16:32:07+00:00,,https://arxiv.org/pdf/2401.00808,Astrophysics of Galaxies (astro-ph.GA)
          Formation and Evolution of the Stream of SOHO Kreutz Sungrazers. I. History and Preliminary Investigations,['Zdenek Sekanina'],https://arxiv.org/abs/2401.00845,Earth and Planetary Astrophysics (astro-ph.EP),,2024-01-01 18:53:53+00:00,2024-01-02 21:34:35+00:00,https://arxiv.org/pdf/2401.00845,Earth and Planetary Astrophysics (astro-ph.EP)
          Detection and Mitigation of Glitches in LISA Data: A Machine Learning Approach,"['Niklas Houba', 'Luigi Ferraioli', 'Domenico Giardini']",https://arxiv.org/abs/2401.00846,Instrumentation and Methods for Astrophysics (astro-ph.IM); General Relativity and Quantum Cosmology (gr-qc),https://doi.org/10.1103/PhysRevD.109.083027,2024-01-01 18:53:54+00:00,,https://arxiv.org/pdf/2401.00846,Instrumentation and Methods for Astrophysics (astro-ph.IM)
          NanoNewton electrostatic force actuators for femtoNewton-sensitive measurements: system performance test in the LISA Pathfinder mission,"['M Armano', 'H Audley', 'J Baird', 'M Bassan', 'P Binetruy', 'M Born', 'D Bortoluzzi', 'E Castelli', 'A Cavalleri', 'A Cesarini', 'V Chiavegato', 'A M Cruise', 'D Dal Bosco', 'K Danzmann', 'M De Deus Silva', 'R De Rosa', 'L Di Fiore', 'I Diepholz', 'G Dixon', 'R Dolesi', 'L Ferraioli V Ferroni', 'E D Fitzsimons', 'M Freschi', 'L Gesa', 'D Giardini', 'F Gibert', 'R Giusteri', 'A Grado', 'C Grimani', 'J Grzymisch', 'I Harrison', 'M S Hartig', 'G Heinzel', 'M Hewitson', 'D Hollington', 'D Hoyland', 'M Hueller', 'H Inchauspé', 'O Jennrich', 'P Jetzer', 'B Johlander', 'N Karnesis', 'B Kaune', 'N Korsakova', 'C J Killow', 'L Liu', 'J A Lobo', 'J P López-Zaragoza', 'R Maarschalkerweerd', 'D Mance', 'V Martín', 'L Martin-Polo', 'F Martin-Porqueras', 'J Martino', 'P W McNamara', 'J Mendes', 'L Mendes', 'N Meshksar', 'J Moerschell', 'M Nofrarias', 'S Paczkowski', 'M Perreur-Lloyd', 'A Petiteau', 'E Plagnol', 'C Praplan', 'J Ramos-Castro', 'J Reiche', 'F Rivas', 'D I Robertson', 'G Russano', 'L Sala', 'P Sarra', 'S L Schule-Walewski', 'J Slutsky', 'C F Sopuerta', 'R Stanga', 'T Sumner', 'J ten Pierick', 'D Texier', 'J I Thorpe', 'D Vetrugno', 'S Vitale', 'G Wanner', 'H Ward', 'P Wass', 'W J Weber', 'L Wissel', 'A Wittchen', 'C Zanoni', 'P Zweifel']",https://arxiv.org/abs/2401.00884,Instrumentation and Methods for Astrophysics (astro-ph.IM); General Relativity and Quantum Cosmology (gr-qc),,2023-12-30 14:27:36+00:00,,https://arxiv.org/pdf/2401.00884,Instrumentation and Methods for Astrophysics (astro-ph.IM)
          Convergence properties of fine structure constant measurements using quasar absorption systems,"['John K. Webb', 'Chung-Chi Lee']",https://arxiv.org/abs/2401.00887,Cosmology and Nongalactic Astrophysics (astro-ph.CO); Instrumentation and Methods for Astrophysics (astro-ph.IM),,2023-12-30 19:28:13+00:00,,https://arxiv.org/pdf/2401.00887,Cosmology and Nongalactic Astrophysics (astro-ph.CO)
          The Mystery of Alpha and the Isotopes,"['John K. Webb', 'Chung-Chi Lee', 'Dinko Milakovic', 'Victor V. Flambaum', 'Vladimir A. Dzuba', 'Joao Magueijo']",https://arxiv.org/abs/2401.00888,Cosmology and Nongalactic Astrophysics (astro-ph.CO); Astrophysics of Galaxies (astro-ph.GA); General Relativity and Quantum Cosmology (gr-qc),https://doi.org/10.1093/mnrasl/slaf012,2023-12-30 20:42:07+00:00,2025-03-15 05:39:57+00:00,https://arxiv.org/pdf/2401.00888,Cosmology and Nongalactic Astrophysics (astro-ph.CO)
          Gravity-driven magnetogenesis,['Fan Zhang'],https://arxiv.org/abs/2401.00914,Cosmology and Nongalactic Astrophysics (astro-ph.CO),,2024-01-01 05:03:50+00:00,,https://arxiv.org/pdf/2401.00914,Cosmology and Nongalactic Astrophysics (astro-ph.CO)
          Stacking the spectra of eROSITA galaxy cluster data for searches of the 3.5keV line: Dark matter decay or charge exchange?,['Justo Antonio Gonzalez Villalba'],https://arxiv.org/abs/2401.00923,Cosmology and Nongalactic Astrophysics (astro-ph.CO),,2024-01-01 13:14:01+00:00,2024-02-15 11:02:16+00:00,https://arxiv.org/pdf/2401.00923,Cosmology and Nongalactic Astrophysics (astro-ph.CO)
          Detection of polarized Fermi-bubble synchrotron and dust emission,['Uri Keshet'],https://arxiv.org/abs/2401.00933,High Energy Astrophysical Phenomena (astro-ph.HE); Astrophysics of Galaxies (astro-ph.GA),,2024-01-01 19:00:01+00:00,2025-01-03 17:21:57+00:00,https://arxiv.org/pdf/2401.00933,High Energy Astrophysical Phenomena (astro-ph.HE)
          JADES: Rest-frame UV-to-NIR Size Evolution of Massive Quiescent Galaxies from Redshift z=5 to z=0.5,"['Zhiyuan Ji', 'Christina C. Williams', 'Katherine A. Suess', 'Sandro Tacchella', 'Benjamin D. Johnson', 'Brant Robertson', 'Stacey Alberts', 'William M. Baker', 'Stefi Baum', 'Rachana Bhatawdekar', 'Nina Bonaventura', 'Kristan Boyett', 'Andrew J. Bunker', 'Stefano Carniani', 'Stephane Charlot', 'Zuyi Chen', 'Jacopo Chevallard', 'Emma Curtis-Lake', ""Francesco D'Eugenio"", 'Anna de Graaff', 'Christa DeCoursey', 'Eiichi Egami', 'Daniel J. Eisenstein', 'Kevin Hainline', 'Ryan Hausen', 'Jakob M. Helton', 'Tobias J. Looser', 'Jianwei Lyu', 'Roberto Maiolino', 'Michael V. Maseda', 'Erica Nelson', 'George Rieke', 'Marcia Rieke', 'Hans-Walter Rix', 'Lester Sandles', 'Fengwu Sun', 'Hannah Übler', 'Christopher N. A. Willmer', 'Chris Willott', 'Joris Witstok']",https://arxiv.org/abs/2401.00934,Astrophysics of Galaxies (astro-ph.GA),,2024-01-01 19:00:02+00:00,,https://arxiv.org/pdf/2401.00934,Astrophysics of Galaxies (astro-ph.GA)
          Inferring the CO2 Abundance in Comet 45P/Honda-Mrkos-Pajdušáková from [O I] Observations: Implications for the Source of Icy Grains in Cometary Comae,"['Mikayla R. Huffman', 'Adam J. McKay', 'Anita L. Cochran']",https://arxiv.org/abs/2401.00956,Earth and Planetary Astrophysics (astro-ph.EP),,2024-01-01 20:42:15+00:00,,https://arxiv.org/pdf/2401.00956,Earth and Planetary Astrophysics (astro-ph.EP)
          A refined search for high-velocity gas in the Cygnus Loop supernova remnant,"['Adam M. Ritchey', 'S. R. Federman', 'David L. Lambert']",https://arxiv.org/abs/2401.00960,Astrophysics of Galaxies (astro-ph.GA),,2024-01-01 21:29:31+00:00,,https://arxiv.org/pdf/2401.00960,Astrophysics of Galaxies (astro-ph.GA)
          The depletion of star-forming gas by AGN activity in radio sources,['S J Curran'],https://arxiv.org/abs/2401.00962,Astrophysics of Galaxies (astro-ph.GA),,2024-01-01 21:47:32+00:00,,https://arxiv.org/pdf/2401.00962,Astrophysics of Galaxies (astro-ph.GA)
          X-ray plasma flow and turbulence in the colliding winds of WR140,"['Asca Miyamoto', 'Yasuharu Sugawara', 'Yoshitomo Maeda', 'Manabu Ishida', 'Kenji Hamaguchi', 'Christopher M. P. Russell', 'Anthony F. J. Moffat']",https://arxiv.org/abs/2401.00977,High Energy Astrophysical Phenomena (astro-ph.HE); Solar and Stellar Astrophysics (astro-ph.SR),https://doi.org/10.1093/mnras/stad3635,2024-01-02 00:13:35+00:00,,https://arxiv.org/pdf/2401.00977,High Energy Astrophysical Phenomena (astro-ph.HE)
          Detectability of Strongly Gravitationally Lensed Tidal Disruption Events,"['Zhiwei Chen', 'Youjun Lu', 'Yunfeng Chen']",https://arxiv.org/abs/2401.00992,High Energy Astrophysical Phenomena (astro-ph.HE); Astrophysics of Galaxies (astro-ph.GA),,2024-01-02 02:08:13+00:00,2024-01-25 09:14:15+00:00,https://arxiv.org/pdf/2401.00992,High Energy Astrophysical Phenomena (astro-ph.HE)
          Star Formation Histories of Dwarf Lenticular Galaxies,"['Hong Bae Ann', 'Mira Seo']",https://arxiv.org/abs/2401.01028,Astrophysics of Galaxies (astro-ph.GA),,2024-01-02 04:33:42+00:00,2024-03-28 10:32:47+00:00,https://arxiv.org/pdf/2401.01028,Astrophysics of Galaxies (astro-ph.GA)
          Optimization of performance of the KM2A full array using the Crab Nebula,['LHAASO collaboration'],https://arxiv.org/abs/2401.01038,Instrumentation and Methods for Astrophysics (astro-ph.IM); High Energy Physics - Phenomenology (hep-ph),,2024-01-02 04:55:50+00:00,2024-01-03 02:51:32+00:00,https://arxiv.org/pdf/2401.01038,Instrumentation and Methods for Astrophysics (astro-ph.IM)
          Polycyclic aromatic hydrocarbon (PAH) luminous galaxies in JWST CEERS data,"['Yu-Wei Lin', 'Cossas K.-W. Wu', 'Chih-Teng Ling', 'Tomotsugu Goto', 'Seong Jin Kim', 'Ece Kilerci', 'Tetsuya Hashimoto', 'Po-Ya Wang', 'Simon C.-C. Ho', 'Tiger Yu-Yang Hsiao', 'Bjorn Jasper R. Raquel', 'Yuri Uno']",https://arxiv.org/abs/2401.01043,Astrophysics of Galaxies (astro-ph.GA); Cosmology and Nongalactic Astrophysics (astro-ph.CO),,2024-01-02 05:35:14+00:00,,https://arxiv.org/pdf/2401.01043,Astrophysics of Galaxies (astro-ph.GA)
          Period-Luminosity Relationship for δ Scuti Stars Revisited,"['Atila Poro', 'S. Javad Jafarzadeh', 'Roghaye Harzandjadidi', 'Mohammad Madani', 'Elnaz Bozorgzadeh', 'Esfandiar Jahangiri', 'Ahmad Sarostad', 'Ailar Alizadehsabegh', 'Maryam Hadizadeh', 'Mohammad EsmaeiliVakilabadi']",https://arxiv.org/abs/2401.01091,Solar and Stellar Astrophysics (astro-ph.SR); Astrophysics of Galaxies (astro-ph.GA),,2024-01-02 08:22:52+00:00,2024-01-03 23:20:07+00:00,https://arxiv.org/pdf/2401.01091,Solar and Stellar Astrophysics (astro-ph.SR)
          Decayless oscillations in 3D coronal loops excited by a power-law driver,"['Konstantinos Karampelas', 'Tom Van Doorsselaere']",https://arxiv.org/abs/2401.01095,Solar and Stellar Astrophysics (astro-ph.SR),https://doi.org/10.1051/0004-6361/202348144,2024-01-02 08:31:28+00:00,,https://arxiv.org/pdf/2401.01095,Solar and Stellar Astrophysics (astro-ph.SR)
          AI-FLARES: Artificial Intelligence for the Analysis of Solar Flares Data,"['Michele Piana', 'Federico Benvenuto', 'Anna Maria Massone', 'Cristina Campi', 'Sabrina Guastavino', 'Francesco Marchetti', 'Paolo Massa', 'Emma Perracchione', 'Anna Volpara']",https://arxiv.org/abs/2401.01104,Solar and Stellar Astrophysics (astro-ph.SR); Artificial Intelligence (cs.AI),,2024-01-02 08:56:01+00:00,,https://arxiv.org/pdf/2401.01104,Solar and Stellar Astrophysics (astro-ph.SR)
"          Extinction, the elephant in the room that hinders optical Galactic observations",['Jesús Maíz Apellániz'],https://arxiv.org/abs/2401.01116,Astrophysics of Galaxies (astro-ph.GA); Solar and Stellar Astrophysics (astro-ph.SR),,2024-01-02 09:11:18+00:00,,https://arxiv.org/pdf/2401.01116,Astrophysics of Galaxies (astro-ph.GA)
          Temperature-reducing shocks in optically-thin radiative MHD -- analytical and numerical results,['Ben Snow'],https://arxiv.org/abs/2401.01122,Solar and Stellar Astrophysics (astro-ph.SR); Astrophysics of Galaxies (astro-ph.GA); High Energy Astrophysical Phenomena (astro-ph.HE); Mathematical Physics (math-ph); Plasma Physics (physics.plasm-ph); Space Physics (physics.space-ph),,2024-01-02 09:37:46+00:00,,https://arxiv.org/pdf/2401.01122,Solar and Stellar Astrophysics (astro-ph.SR)
          TOPCAT Corner Plot,['Mark Taylor'],https://arxiv.org/abs/2401.01156,Instrumentation and Methods for Astrophysics (astro-ph.IM),,2024-01-02 11:16:33+00:00,,https://arxiv.org/pdf/2401.01156,Instrumentation and Methods for Astrophysics (astro-ph.IM)
          A comparative study of resistivity models for simulations of magnetic reconnection in the solar atmosphere. II. Plasmoid formation,"['Øystein Håvard Færder', 'Daniel Nóbrega-Siverio', 'Mats Carlsson']",https://arxiv.org/abs/2401.01177,Solar and Stellar Astrophysics (astro-ph.SR),https://doi.org/10.1051/0004-6361/202348046,2024-01-02 12:10:57+00:00,,https://arxiv.org/pdf/2401.01177,Solar and Stellar Astrophysics (astro-ph.SR)
          A high resolution rovibronic molecular cross-section of MgH+ molecular cation,"['Huagang Xiao', 'Tao Gao']",https://arxiv.org/abs/2401.01184,Solar and Stellar Astrophysics (astro-ph.SR); Earth and Planetary Astrophysics (astro-ph.EP); Atomic Physics (physics.atom-ph); Chemical Physics (physics.chem-ph),,2024-01-02 12:26:23+00:00,,https://arxiv.org/pdf/2401.01184,Solar and Stellar Astrophysics (astro-ph.SR)
          Linking tracklets over the years in large datasets,"['Óscar Rodríguez', 'Giovanni F. Gronchi', 'Giulio Baù', 'Robert Jedicke']",https://arxiv.org/abs/2401.01202,Instrumentation and Methods for Astrophysics (astro-ph.IM),,2024-01-02 13:05:28+00:00,,https://arxiv.org/pdf/2401.01202,Instrumentation and Methods for Astrophysics (astro-ph.IM)
          Numerical behavior of the Keplerian Integral methods for initial orbit determination,"['Óscar Rodríguez', 'Giovanni F. Gronchi', 'Giulio Baù', 'Robert Jedicke']",https://arxiv.org/abs/2401.01210,Earth and Planetary Astrophysics (astro-ph.EP); Instrumentation and Methods for Astrophysics (astro-ph.IM),,2024-01-02 13:40:46+00:00,,https://arxiv.org/pdf/2401.01210,Earth and Planetary Astrophysics (astro-ph.EP)
          PDRs4All. V. Modelling the dust evolution across the illuminated edge of the Orion Bar,"['M. Elyajouri', 'N. Ysard', 'A. Abergel', 'E. Habart', 'L. Verstraete', 'A. Jones', 'M. Juvela', 'T. Schirmer', 'R. Meshaka', 'E. Dartois', 'J. Lebourlot', 'G. Rouille', 'T. Onaka', 'E. Peeters', 'O. Berne', 'F. Alarcon', 'J. Bernard-Salas', 'M. Buragohain', 'J. Cami', 'A. Canin', 'R. Chown', 'K. Demyk', 'K. Gordon', 'O. Kannavou', 'M. Kirsanova', 'S. Madden', 'R. Paladini', 'Y. Pendleton', 'F. Salama', 'I. Schroetter', 'A. Sidhu', 'M. Rollig', 'B. Trahin', 'D. Van De Putte']",https://arxiv.org/abs/2401.01221,Astrophysics of Galaxies (astro-ph.GA),https://doi.org/10.1051/0004-6361/202348728,2024-01-02 14:20:29+00:00,,https://arxiv.org/pdf/2401.01221,Astrophysics of Galaxies (astro-ph.GA)
          Blind source separation for decomposing X-ray pulsar profiles. Introducing phase-correlated variability analysis (PCVA) with a case study of Cen X-3,"['Inga Saathoff', 'Victor Doroshenko', 'Andrea Santangelo']",https://arxiv.org/abs/2401.01226,High Energy Astrophysical Phenomena (astro-ph.HE); Instrumentation and Methods for Astrophysics (astro-ph.IM),,2024-01-02 14:34:16+00:00,,https://arxiv.org/pdf/2401.01226,High Energy Astrophysical Phenomena (astro-ph.HE)
          New Horizons Venetia Burney Student Dust Counter Observes Higher than Expected Fluxes Approaching 60 AU,"['Alex Doner', 'Mihaly Horanyi', 'Fran Bagenal', 'Pontus Brandt', 'Will Grundy', 'Carey Lisse', 'Joel Parker', 'Andrew R. Poppe', 'Kelsi N. Singer', 'S. Alan Stern', 'Anne Verbiscer']",https://arxiv.org/abs/2401.01230,Earth and Planetary Astrophysics (astro-ph.EP); Space Physics (physics.space-ph),https://doi.org/10.3847/2041328213/ad18b0,2024-01-02 14:54:32+00:00,,https://arxiv.org/pdf/2401.01230,Earth and Planetary Astrophysics (astro-ph.EP)
          Optically-thick Structure in Early B Type Supergiant Stellar Winds at Low Metallicities,"['Timothy N. Parsons', 'Raman K. Prinja', 'Matheus Bernini-Peron', 'Alex W. Fullerton', 'Derck L. Massa', 'Lidia M. Oskinova', 'Daniel Pauli', 'Andreas A.C. Sander', 'Matthew J. Rickard']",https://arxiv.org/abs/2401.01240,Solar and Stellar Astrophysics (astro-ph.SR); Astrophysics of Galaxies (astro-ph.GA),https://doi.org/10.1093/mnras/stad3966,2024-01-02 15:17:35+00:00,,https://arxiv.org/pdf/2401.01240,Solar and Stellar Astrophysics (astro-ph.SR)
          Pruning: a tool to optimize the layout of large scale arrays for ultra-high-energy air-shower detection,"['Benoit-Lévy', 'K. Kotera', 'M. Tueros']",https://arxiv.org/abs/2401.01267,Instrumentation and Methods for Astrophysics (astro-ph.IM),,2024-01-02 16:13:29+00:00,,https://arxiv.org/pdf/2401.01267,Instrumentation and Methods for Astrophysics (astro-ph.IM)
          Discovery of a circularly symmetric extended diffuse radio emission around an elliptical galaxy with the VLA FIRST survey,"['Shobha Kumari', 'Sabyasachi Pal']",https://arxiv.org/abs/2401.01278,Astrophysics of Galaxies (astro-ph.GA),https://doi.org/10.1093/mnras/stad3953,2023-12-21 09:43:59+00:00,2025-06-18 12:11:45+00:00,https://arxiv.org/pdf/2401.01278,Astrophysics of Galaxies (astro-ph.GA)
          On the evolution of a twisted thin accretion disc in eccentric inclined supermassive binary black holes,"['P. B. Ivanov', 'V. V. Zhuravlev']",https://arxiv.org/abs/2401.01317,Astrophysics of Galaxies (astro-ph.GA); Cosmology and Nongalactic Astrophysics (astro-ph.CO); General Relativity and Quantum Cosmology (gr-qc),,2024-01-02 18:07:42+00:00,,https://arxiv.org/pdf/2401.01317,Astrophysics of Galaxies (astro-ph.GA)
          Changing CO Bands in Near-IR Spectra of CP Cephei,"['Scott G. Call', 'Eric G. Hintz', 'Steve Ardern', 'Victoria Scowcroft', 'Timothy D. Morrell']",https://arxiv.org/abs/2401.01318,Solar and Stellar Astrophysics (astro-ph.SR),https://doi.org/10.1093/mnras/stae2224,2024-01-02 18:09:48+00:00,2024-09-30 17:15:42+00:00,https://arxiv.org/pdf/2401.01318,Solar and Stellar Astrophysics (astro-ph.SR)
"          Neutron Stars in modified f(R,T) gravity framework with \mathcal{O}(T, T^2) terms","['Premachand Mahapatra', 'Prasanta Kumar Das']",https://arxiv.org/abs/2401.01321,Cosmology and Nongalactic Astrophysics (astro-ph.CO),,2024-01-02 18:20:43+00:00,,https://arxiv.org/pdf/2401.01321,Cosmology and Nongalactic Astrophysics (astro-ph.CO)
          Metastability of stratified magnetohydrostatic equilibria and their relaxation,"['David N. Hosking', 'David Wasserman', 'Steven C. Cowley']",https://arxiv.org/abs/2401.01336,High Energy Astrophysical Phenomena (astro-ph.HE); Fluid Dynamics (physics.flu-dyn); Plasma Physics (physics.plasm-ph),,2024-01-02 18:56:12+00:00,2024-12-09 16:44:50+00:00,https://arxiv.org/pdf/2401.01336,High Energy Astrophysical Phenomena (astro-ph.HE)
"          Collisionless Magnetorotational Turbulence in Pair Plasmas: Steady-state Dynamics, Particle Acceleration, and Radiative Cooling","['Fabio Bacchini', 'Vladimir Zhdankin', 'Evgeny A. Gorbunov', 'Gregory R. Werner', 'Lev Arzamasskiy', 'Mitchell C. Begelman', 'Dmitri A. Uzdensky']",https://arxiv.org/abs/2401.01399,High Energy Astrophysical Phenomena (astro-ph.HE); Plasma Physics (physics.plasm-ph),,2024-01-02 19:00:00+00:00,2024-06-14 15:34:35+00:00,https://arxiv.org/pdf/2401.01399,High Energy Astrophysical Phenomena (astro-ph.HE)
"          GJ 367b is a dark, hot, airless sub-Earth","['Michael Zhang', 'Renyu Hu', 'Julie Inglis', 'Fei Dai', 'Jacob L. Bean', 'Heather A. Knutson', 'Kristine Lam', 'Elisa Goffo', 'Davide Gandolfi']",https://arxiv.org/abs/2401.01400,Earth and Planetary Astrophysics (astro-ph.EP),https://doi.org/10.3847/2041-8213/ad1a07,2024-01-02 19:00:00+00:00,2024-01-31 19:25:39+00:00,https://arxiv.org/pdf/2401.01400,Earth and Planetary Astrophysics (astro-ph.EP)
          A New Population of Mid-Infrared-Selected Tidal Disruption Events: Implications for Tidal Disruption Event Rates and Host Galaxy Properties,"['Megan Masterson', 'Kishalay De', 'Christos Panagiotou', 'Erin Kara', 'Iair Arcavi', 'Anna-Christina Eilers', 'Danielle Frostig', 'Suvi Gezari', 'Iuliia Grotova', 'Zhu Liu', 'Adam Malyali', 'Aaron M. Meisner', 'Andrea Merloni', 'Megan Newsome', 'Arne Rau', 'Robert A. Simcoe', 'Sjoert van Velzen']",https://arxiv.org/abs/2401.01403,High Energy Astrophysical Phenomena (astro-ph.HE); Astrophysics of Galaxies (astro-ph.GA),,2024-01-02 19:00:02+00:00,,https://arxiv.org/pdf/2401.01403,High Energy Astrophysical Phenomena (astro-ph.HE)
          Probing a Magnetar Origin for the population of Extragalactic Fast X-ray Transients detected by Chandra,"['J. Quirola-Vásquez', 'F. E. Bauer', 'P. G. Jonker', 'W. N. Brandt', 'D. Eappachen', 'A. J. Levan', 'E. Lopez', 'B. Luo', 'M. E. Ravasio', 'H. Sun', 'Y. Q. Xue', 'G. Yang', 'X. C. Zheng']",https://arxiv.org/abs/2401.01415,High Energy Astrophysical Phenomena (astro-ph.HE),,2024-01-02 19:53:15+00:00,,https://arxiv.org/pdf/2401.01415,High Energy Astrophysical Phenomena (astro-ph.HE)
          Stability of 20 Biogenic Amino Acids in Concentrated Sulfuric Acid: Implications for the Habitability of Venus' Clouds,"['Maxwell D. Seager', 'Sara Seager', 'William Bains', 'Janusz J. Petkowski']",https://arxiv.org/abs/2401.01441,Earth and Planetary Astrophysics (astro-ph.EP); Chemical Physics (physics.chem-ph),https://doi.org/10.1089/ast.2023.0082,2024-01-02 21:40:06+00:00,2024-01-05 16:30:41+00:00,https://arxiv.org/pdf/2401.01441,Earth and Planetary Astrophysics (astro-ph.EP)
          Development Of Raspberry Pi-based Processing Unit for UV Photon-Counting Detectors,"['Bharat Chandra P', 'Binukumar G.', 'Shubham Janakiram', 'Mahesh Babu', 'Shubhangi Jain', 'Richa Rai', 'Rekhesh Mohan', 'Margarita Safonova', 'Jayant Murthy']",https://arxiv.org/abs/2401.01443,Instrumentation and Methods for Astrophysics (astro-ph.IM),https://doi.org/10.1142/S2251171724500053,2024-01-02 21:47:23+00:00,2024-01-05 07:38:44+00:00,https://arxiv.org/pdf/2401.01443,Instrumentation and Methods for Astrophysics (astro-ph.IM)
          ALMA-LEGUS I: The Influence of Galaxy Morphology on Molecular Cloud Properties,"['Molly K. Finn', 'Kelsey E. Johnson', 'Remy Indebetouw', 'Allison H. Costa', 'Angela Adamo', 'Alessandra Aloisi', 'Lauren Bittle', 'Daniela Calzetti', 'Daniel A. Dale', 'Clare L. Dobbs', 'Jennifer Donovan Meyer', 'Bruce G. Elmegreen', 'Debra M. Elmegreen', 'Michele Fumagalli', 'J. S. Gallagher', 'Kathryn Grasha', 'Eva K. Grebel', 'Robert C. Kennicutt', 'Mark R. Krumholz', 'Janice C. Lee', 'Matteo Messa', 'Preethi Nair', 'Elena Sabbi', 'Linda J. Smith', 'David A. Thilker', 'Bradley C. Whitmore', 'Aida Wofford']",https://arxiv.org/abs/2401.01450,Astrophysics of Galaxies (astro-ph.GA),,2024-01-02 22:25:11+00:00,,https://arxiv.org/pdf/2401.01450,Astrophysics of Galaxies (astro-ph.GA)
          ALMA-LEGUS II: The Influence of Sub-Galactic Environment on Molecular Cloud Properties,"['Molly K. Finn', 'Kelsey E. Johnson', 'Remy Indebetouw', 'Allison H. Costa', 'Angela Adamo', 'Alessandra Aloisi', 'Lauren Bittle', 'Daniela Calzetti', 'Daniel A. Dale', 'Clare L. Dobbs', 'Jennifer Donovan Meyer', 'Bruce G. Elmegreen', 'Debra M. Elmegreen', 'Michele Fumagalli', 'J. S. Gallagher', 'Kathryn Grasha', 'Eva K. Grebel', 'Robert C. Kennicutt', 'Mark R. Krumholz', 'Janice C. Lee', 'Matteo Messa', 'Preethi Nair', 'Elena Sabbi', 'Linda J. Smith', 'David A. Thilker', 'Bradley C. Whitmore', 'Aida Wofford']",https://arxiv.org/abs/2401.01451,Astrophysics of Galaxies (astro-ph.GA),,2024-01-02 22:25:19+00:00,,https://arxiv.org/pdf/2401.01451,Astrophysics of Galaxies (astro-ph.GA)
          Euclid preparation: XLVIII. The pre-launch Science Ground Segment simulation framework,"['Euclid Collaboration', 'S. Serrano', 'P. Hudelot', 'G. Seidel', 'J. E. Pollack', 'E. Jullo', 'F. Torradeflot', 'D. Benielli', 'R. Fahed', 'T. Auphan', 'J. Carretero', 'H. Aussel', 'P. Casenove', 'F. J. Castander', 'J. E. Davies', 'N. Fourmanoit', 'S. Huot', 'A. Kara', 'E. Keihänen', 'S. Kermiche', 'K. Okumura', 'J. Zoubian', 'A. Ealet', 'A. Boucaud', 'H. Bretonnière', 'R. Casas', 'B. Clément', 'C. A. J. Duncan', 'K. George', 'K. Kiiveri', 'H. Kurki-Suonio', 'M. Kümmel', 'D. Laugier', 'G. Mainetti', 'J. J. Mohr', 'A. Montoro', 'C. Neissner', 'C. Rosset', 'M. Schirmer', 'P. Tallada-Crespí', 'N. Tonello', 'A. Venhola', 'A. Verderi', 'A. Zacchei', 'N. Aghanim', 'B. Altieri', 'A. Amara', 'S. Andreon', 'N. Auricchio', 'R. Azzollini', 'C. Baccigalupi', 'M. Baldi', 'S. Bardelli', 'A. Basset', 'P. Battaglia', 'F. Bernardeau', 'C. Bodendorf', 'D. Bonino', 'E. Branchini', 'M. Brescia', 'J. Brinchmann', 'S. Camera', 'G. P. Candini', 'V. Capobianco', 'C. Carbone', 'S. Casas', 'M. Castellano', 'G. Castignani', 'S. Cavuoti', 'A. Cimatti', 'R. Cledassou', 'C. Colodro-Conde', 'G. Congedo', 'C. J. Conselice', 'L. Conversi', 'Y. Copin', 'L. Corcione', 'F. Courbin', 'H. M. Courtois', 'M. Crocce', 'M. Cropper', 'A. Da Silva', 'H. Degaudenzi', 'G. De Lucia', 'A. M. Di Giorgio', 'J. Dinis', 'F. Dubath', 'X. Dupac', 'S. Dusini', 'M. Farina', 'S. Farrens', 'S. Ferriol', 'M. Frailis', 'E. Franceschi', 'P. Franzetti', 'S. Galeotta', 'B. Garilli', 'W. Gillard', 'B. Gillis', 'C. Giocoli']",https://arxiv.org/abs/2401.01452,Cosmology and Nongalactic Astrophysics (astro-ph.CO); Instrumentation and Methods for Astrophysics (astro-ph.IM),https://doi.org/10.1051/0004-6361/202349128,2024-01-02 22:25:37+00:00,2024-10-09 10:58:51+00:00,https://arxiv.org/pdf/2401.01452,Cosmology and Nongalactic Astrophysics (astro-ph.CO)
          Is the atmosphere of the ultra-hot Jupiter WASP-121b variable?,"['Quentin Changeat', 'Jack W. Skinner', 'James Y-K. Cho', 'Joonas Nättilä', 'Ingo P. Waldmann', 'Ahmed F. Al-Refaie', 'Achrène Dyrek', 'Billy Edwards', 'Thomas Mikal-Evans', 'Max Joshua', 'Giuseppe Morello', 'Nour Skaf', 'Angelos Tsiaras', 'Olivia Venot', 'Kai Hou Yip']",https://arxiv.org/abs/2401.01465,Earth and Planetary Astrophysics (astro-ph.EP),https://doi.org/10.3847/1538-4365/ad1191,2024-01-02 23:56:44+00:00,,https://arxiv.org/pdf/2401.01465,Earth and Planetary Astrophysics (astro-ph.EP)
          Measuring the Stellar and Planetary Properties of the 51 Eridani System,"['Ashley Elliott', 'Tabetha Boyajian', 'Tyler Ellis', 'Kaspar von Braun', 'Andrew W. Mann', 'Gail Schaefer']",https://arxiv.org/abs/2401.01468,Earth and Planetary Astrophysics (astro-ph.EP),https://doi.org/10.1017/pasa.2024.40,2024-01-03 00:06:17+00:00,2024-05-28 20:31:17+00:00,https://arxiv.org/pdf/2401.01468,Earth and Planetary Astrophysics (astro-ph.EP)
          The First TESS Self-Lensing Pulses: Revisiting KIC 12254688,"['Nicholas M. Sorabella', 'Silas G.T. Laycock', 'Dimitris M. Christodoulou', 'Sayantan Bhattacharya']",https://arxiv.org/abs/2401.01477,Solar and Stellar Astrophysics (astro-ph.SR); Instrumentation and Methods for Astrophysics (astro-ph.IM),,2024-01-03 00:39:57+00:00,2024-01-16 03:35:18+00:00,https://arxiv.org/pdf/2401.01477,Solar and Stellar Astrophysics (astro-ph.SR)
          Formation of PSR J1012+5307 with an extremely low-mass white dwarf: testing magnetic braking models,"['Na Wei', 'Kun Xu', 'Zhi-Fu Gao', 'Long Jiang', 'Wen-Cong Chen']",https://arxiv.org/abs/2401.01488,Solar and Stellar Astrophysics (astro-ph.SR); High Energy Astrophysical Phenomena (astro-ph.HE),,2024-01-03 01:23:09+00:00,,https://arxiv.org/pdf/2401.01488,Solar and Stellar Astrophysics (astro-ph.SR)
          RMS-flux slope in MAXI J1820+070: a measure of the disk-corona coupling,"['Yanan Wang', 'Shuang-Nan Zhang']",https://arxiv.org/abs/2401.01515,High Energy Astrophysical Phenomena (astro-ph.HE),,2024-01-03 02:45:35+00:00,,https://arxiv.org/pdf/2401.01515,High Energy Astrophysical Phenomena (astro-ph.HE)
          The rotation curve and mass distribution of M31,"['Xiangwei Zhang', 'Bingqiu Chen', 'Pinjian Chen', 'Jiarui Sun', 'Zhijia Tian']",https://arxiv.org/abs/2401.01517,Astrophysics of Galaxies (astro-ph.GA),,2024-01-03 02:56:38+00:00,,https://arxiv.org/pdf/2401.01517,Astrophysics of Galaxies (astro-ph.GA)
          Observations favor the redshift-evolutionary L_X-L_{UV} relation of quasars from copula,"['Bao Wang', 'Yang Liu', 'Hongwei Yu', 'Puxun Wu']",https://arxiv.org/abs/2401.01540,Cosmology and Nongalactic Astrophysics (astro-ph.CO); General Relativity and Quantum Cosmology (gr-qc),,2024-01-03 04:47:47+00:00,,https://arxiv.org/pdf/2401.01540,Cosmology and Nongalactic Astrophysics (astro-ph.CO)
          Starlink Mini Satellite Brightness Distributions Across the Sky,"['Anthony Mallama', 'Richard E. Cole', 'Jay Respler', 'Cees Bassa', 'Scott Harrington', 'Aaron Worley']",https://arxiv.org/abs/2401.01546,Instrumentation and Methods for Astrophysics (astro-ph.IM),,2024-01-03 05:47:54+00:00,,https://arxiv.org/pdf/2401.01546,Instrumentation and Methods for Astrophysics (astro-ph.IM)
          Multiscale Dynamical Scenario of High-mass Star Formation in an IRDC Filament G34,"['Sirong Pan', 'Hong-Li Liu', 'Sheng-Li Qin']",https://arxiv.org/abs/2401.01559,Astrophysics of Galaxies (astro-ph.GA),https://doi.org/10.3847/1538-4357/ad10ac,2024-01-03 06:22:07+00:00,,https://arxiv.org/pdf/2401.01559,Astrophysics of Galaxies (astro-ph.GA)
          Testing an exact diffraction formula with gravitational wave source lensed by a supermassive black hole in binary systems,"['Xiao Guo', 'Zhoujian Cao']",https://arxiv.org/abs/2401.01581,High Energy Astrophysical Phenomena (astro-ph.HE); Solar and Stellar Astrophysics (astro-ph.SR); General Relativity and Quantum Cosmology (gr-qc),,2024-01-03 07:18:12+00:00,2024-04-15 06:05:28+00:00,https://arxiv.org/pdf/2401.01581,High Energy Astrophysical Phenomena (astro-ph.HE)
          Solar Energetic Particle Charge States and Abundances with Nonthermal Electrons,"['Jin-Yi Lee', 'Stephen Kahler', 'John C. Raymond', 'Yuan-Kuen Ko']",https://arxiv.org/abs/2401.01604,Solar and Stellar Astrophysics (astro-ph.SR); High Energy Astrophysical Phenomena (astro-ph.HE); Space Physics (physics.space-ph),https://doi.org/10.3847/1538-4357/ad1ab6,2024-01-03 08:14:51+00:00,2024-03-10 06:17:33+00:00,https://arxiv.org/pdf/2401.01604,Solar and Stellar Astrophysics (astro-ph.SR)
          Explaining supernova remnant G352.7-0.1 as a peculiar type Ia supernova inside a planetary nebula,['Noam Soker'],https://arxiv.org/abs/2401.01707,High Energy Astrophysical Phenomena (astro-ph.HE),https://doi.org/10.1016/j.newast.2024.102213,2024-01-03 12:19:28+00:00,2024-02-27 05:10:06+00:00,https://arxiv.org/pdf/2401.01707,High Energy Astrophysical Phenomena (astro-ph.HE)
          Necessary conditions for the formation of filaments and star clusters in the cold neutral medium,"['Rachel Pillsworth', 'Ralph E. Pudritz']",https://arxiv.org/abs/2401.01737,Astrophysics of Galaxies (astro-ph.GA),https://doi.org/10.1093/mnras/stae002,2024-01-03 13:29:46+00:00,,https://arxiv.org/pdf/2401.01737,Astrophysics of Galaxies (astro-ph.GA)
          Indication for a compact object next to a LIGO-Virgo binary black hole merger,"['Shu-Cheng Yang', 'Wen-Biao Han', 'Hiromichi Tagawa', 'Song Li', 'Chen Zhang']",https://arxiv.org/abs/2401.01743,High Energy Astrophysical Phenomena (astro-ph.HE); General Relativity and Quantum Cosmology (gr-qc),https://doi.org/10.3847/2041-8213/adeaad,2024-01-03 13:39:58+00:00,2025-08-03 06:01:54+00:00,https://arxiv.org/pdf/2401.01743,High Energy Astrophysical Phenomena (astro-ph.HE)
          Constraints on Axion-like Particles from the Observation of Galactic Sources by LHAASO,"['Jun Li', 'Xiao-Jun Bi', 'Lin-Qing Gao', 'Xiaoyuan Huang', 'Run-Min Yao', 'Peng-Fei Yin']",https://arxiv.org/abs/2401.01829,High Energy Astrophysical Phenomena (astro-ph.HE); High Energy Physics - Experiment (hep-ex),,2024-01-03 16:45:14+00:00,,https://arxiv.org/pdf/2401.01829,High Energy Astrophysical Phenomena (astro-ph.HE)
          Tracing the layers of Photodissociated gas in Trifid Nebula,"['Bhaswati Mookerjea', 'Goeran Sandell']",https://arxiv.org/abs/2401.01837,Astrophysics of Galaxies (astro-ph.GA),,2024-01-03 17:06:36+00:00,,https://arxiv.org/pdf/2401.01837,Astrophysics of Galaxies (astro-ph.GA)
          An Angular Diameter Measurement of β UMa via Stellar Intensity Interferometry with the VERITAS Observatory,"['A. Acharyya', 'J. P. Aufdenberg', 'P. Bangale', 'J. T. Bartkoske', 'P. Batista', 'W. Benbow', 'A. J. Chromey', 'J. D. Davis', 'Q. Feng', 'G. M. Foote', 'A. Furniss', 'W. Hanlon', 'C. E. Hinrichs', 'J. Holder', 'W. Jin', 'P. Kaaret', 'M. Kertzman', 'D. Kieda', 'T. K. Kleiner', 'N. Korzoun', 'T. LeBohec', 'M. A. Lisa', 'M. Lundy', 'N. Matthews', 'C. E McGrath', 'M. J. Millard', 'P. Moriarty', 'S. Nikkhah', ""S. O'Brien"", 'R. A. Ong', 'M. Pohl', 'E. Pueschel', 'J. Quinn', 'P. L. Rabinowitz', 'K. Ragan', 'E. Roache', 'J. G. Rose', 'J. L. Sackrider', 'I. Sadeh', 'L. Saha', 'G. H. Sembroski', 'R. Shang', 'D. Tak', 'M. Ticoras', 'J. V. Tucci', 'S. L. Wong', 'VERITAS Collaboration']",https://arxiv.org/abs/2401.01853,Solar and Stellar Astrophysics (astro-ph.SR); Instrumentation and Methods for Astrophysics (astro-ph.IM),,2024-01-03 17:47:43+00:00,,https://arxiv.org/pdf/2401.01853,Solar and Stellar Astrophysics (astro-ph.SR)
          Constraining inflationary magnetogenesis and reheating via GWs in light of PTA data,"['Subhasis Maiti', 'Debaprasad Maity', 'L. Sriramkumar']",https://arxiv.org/abs/2401.01864,Cosmology and Nongalactic Astrophysics (astro-ph.CO); High Energy Physics - Phenomenology (hep-ph); High Energy Physics - Theory (hep-th),,2024-01-03 18:15:55+00:00,2025-05-02 14:54:36+00:00,https://arxiv.org/pdf/2401.01864,Cosmology and Nongalactic Astrophysics (astro-ph.CO)
